Domain,Links,,,,,
twitter.com,"47,952,731",,,,,
facebook.com,"44,786,740",,,,,
www.blogger.com,"24,675,348",,,,,
instagram.com,"19,577,569",,,,,
youtube.com,"17,171,610",,,,,
bp.blogspot.com,"15,730,601",,,,,
plus.google.com,"12,630,719",,,,,
www.google.com,"11,784,363",,,,,
www.skyrock.com,"10,744,406",,,,,
wordpress.org,"9,400,564",,,,,
linkedin.com,"8,492,249",,,,,
gen.xyz,"7,666,013",,,,,
pinterest.com,"6,952,931",,,,,
draft.blogger.com,"5,611,853",,,,,
en.wikipedia.org,"5,409,787",,,,,
hugedomains.com,"5,217,386",,,,,
cloudflare.com,"4,824,507",,,,,
apple.com,"4,449,226",,,,,
maps.google.com,"4,448,010",,,,,
support.google.com,"4,416,733",,,,,
goo.gl,"4,166,725",,,,,
microsoft.com,"4,057,017",,,,,
qq.com,"4,047,105",,,,,
amazon.com,"3,970,298",,,,,
bit.ly,"3,840,502",,,,,
youtu.be,"3,658,540",,,,,
vimeo.com,"3,071,936",,,,,
istockphoto.com,"3,038,411",,,,,
adobe.com,"2,926,758",,,,,
accounts.google.com,"2,525,517",,,,,
www.livejournal.com,"2,433,053",,,,,
godaddy.com,"2,317,559",,,,,
play.google.com,"2,274,051",,,,,
docs.google.com,"2,159,595",,,,,
googleusercontent.com,"2,138,950",,,,,
files.wordpress.com,"1,974,385",,,,,
github.com,"1,908,081",,,,,
sedo.com,"1,903,038",,,,,
mozilla.org,"1,894,081",,,,,
feedburner.com,"1,748,595",,,,,
gravatar.com,"1,669,453",,,,,
t.co,"1,664,041",,,,,
nytimes.com,"1,662,379",,,,,
drive.google.com,"1,651,654",,,,,
europa.eu,"1,646,615",,,,,
jimdofree.com,"1,634,897",,,,,
sites.google.com,"1,626,560",,,,,
photobucket.com,"1,610,860",,,,,
vk.com,"1,592,976",,,,,
soundcloud.com,"1,530,226",,,,,
creativecommons.org,"1,519,996",,,,,
weibo.com,"1,495,347",,,,,
tools.google.com,"1,463,701",,,,,
hatena.ne.jp,"1,463,229",,,,,
whatsapp.com,"1,425,009",,,,,
bbc.co.uk,"1,408,995",,,,,
wikimedia.org,"1,354,719",,,,,
myspace.com,"1,282,265",,,,,
imdb.com,"1,236,050",,,,,
tinyurl.com,"1,208,868",,,,,
cnn.com,"1,201,386",,,,,
cpanel.net,"1,188,009",,,,,
buydomains.com,"1,181,983",,,,,
theguardian.com,"1,178,065",,,,,
dan.com,"1,154,235",,,,,
netvibes.com,"1,144,528",,,,,
my.yahoo.com,"1,127,618",,,,,
imgur.com,"1,126,769",,,,,
sina.com.cn,"1,124,058",,,,,
cpanel.com,"1,104,764",,,,,
google.de,"1,095,881",,,,,
shopify.com,"1,074,797",,,,,
dailymotion.com,"1,070,463",,,,,
medium.com,"1,062,841",,,,,
w3.org,"1,056,349",,,,,
policies.google.com,"1,033,624",,,,,
spotify.com,"1,033,380",,,,,
nih.gov,"1,009,978",,,,,
msn.com,"994,776",,,,,
search.google.com,"944,098",,,,,
yandex.ru,"927,205",,,,,
disqus.com,"924,686",,,,,
www.yahoo.com,"920,069",,,,,
dropbox.com,"916,655",,,,,
wp.com,"911,241",,,,,
forbes.com,"907,206",,,,,
huffingtonpost.com,"895,328",,,,,
www.wix.com,"884,890",,,,,
ebay.com,"884,272",,,,,
paypal.com,"870,567",,,,,
developers.google.com,"869,174",,,,,
bing.com,"863,729",,,,,
slideshare.net,"863,006",,,,,
washingtonpost.com,"856,203",,,,,
archive.org,"855,433",,,,,
digg.com,"823,104",,,,,
photos1.blogger.com,"818,109",,,,,
issuu.com,"817,277",,,,,
secureserver.net,"814,265",,,,,
apache.org,"807,583",,,,,
0,0,,,,,
